,equity
0,0.0
1,370.0
2,452.5
3,885.0
4,992.5
5,1200.0
6,1682.5
7,2015.0
8,2647.5
9,3442.5
10,3850.0
11,3945.0
12,3877.5
13,4122.5
14,4667.5
15,5162.5
16,5420.0
17,5502.5
18,5835.0
19,6080.0
20,6487.5
21,7070.0
22,7315.0
23,7222.5
24,7480.0
25,7562.5
26,7695.0
27,7852.5
28,7897.5
29,7842.5
30,7975.0
31,8457.5
32,8827.5
33,9435.0
34,9792.5
35,10000.0
36,10320.0
37,10752.5
38,11022.5
39,11055.0
40,11600.0
41,12182.5
42,12377.5
43,12385.0
44,12505.0
45,12512.5
46,12770.0
47,12677.5
48,12810.0
49,12992.5
50,13300.0
51,13795.0
52,13965.0
53,14372.5
54,14842.5
55,15175.0
56,14957.5
57,15177.5
58,15422.5
59,15692.5
60,15825.0
61,15982.5
62,16627.5
63,17022.5
64,16567.5
65,16762.5
66,16232.5
67,16152.5
68,16247.5
69,16005.0
70,16775.0
71,17520.0
72,17890.0
73,18222.5
74,18392.5
75,18612.5
76,18982.5
77,20040.0
78,20460.0
79,20855.0
80,20987.5
81,21370.0
82,21790.0
83,21885.0
84,22155.0
85,22162.5
86,22032.5
87,22515.0
88,22635.0
89,23242.5
90,23787.5
91,24070.0
92,24490.0
93,25160.0
94,25355.0
95,25500.0
96,26057.5
97,26552.5
98,26797.5
99,26842.5
100,27287.5
101,27357.5
102,27402.5
103,27485.0
104,27642.5
105,27625.0
106,28082.5
107,28465.0
108,29097.5
109,29580.0
110,29200.0
111,29320.0
112,29902.5
113,30572.5
114,30642.5
115,30500.0
116,30857.5
117,30927.5
118,30897.5
119,31292.5
120,31587.5
121,31782.5
122,32365.0
123,33235.0
124,33492.5
125,33812.5
126,34295.0
127,34652.5
128,34985.0
129,34892.5
130,35000.0
131,35157.5
132,35302.5
133,35272.5
134,35467.5
135,36000.0
136,36220.0
137,36215.0
138,36597.5
139,36830.0
140,36912.5
141,36895.0
142,37065.0
143,37722.5
144,38067.5
145,38412.5
146,38295.0
147,38640.0
148,39160.0
149,39217.5
150,39275.0
151,39482.5
152,39665.0
153,39560.0
154,39830.0
155,39937.5
156,40220.0
157,40240.0
158,40460.0
159,40692.5
160,40975.0
161,40957.5
162,41640.0
163,41947.5
164,42192.5
165,42575.0
166,42557.5
167,43127.5
168,43360.0
169,43517.5
170,44012.5
171,44107.5
172,44477.5
173,45122.5
174,45267.5
175,45750.0
176,45820.0
177,46315.0
178,46310.0
179,44830.0
180,44987.5
181,45620.0
182,45665.0
183,45772.5
184,45842.5
185,45987.5
186,46445.0
187,46552.5
188,46647.5
189,46705.0
190,47087.5
191,47632.5
192,48340.0
193,48497.5
194,48530.0
195,48637.5
196,48482.5
197,49027.5
198,49122.5
199,49755.0
200,49975.0
201,49832.5
202,50415.0
203,50472.5
204,50367.5
205,50800.0
206,50957.5
207,51615.0
208,51335.0
209,52042.5
210,52600.0
211,53170.0
212,53127.5
213,53235.0
214,53405.0
215,53575.0
216,53882.5
217,54315.0
218,54610.0
219,54580.0
220,54787.5
221,54695.0
222,55152.5
223,55085.0
224,54992.5
225,54887.5
226,55257.5
227,56540.0
228,57322.5
229,57467.5
230,57150.0
231,56857.5
232,57027.5
233,57447.5
234,57692.5
235,57725.0
236,57995.0
237,58040.0
238,58460.0
239,58530.0
240,59125.0
241,59357.5
242,59490.0
243,59885.0
244,60005.0
245,60175.0
246,60457.5
247,60777.5
248,61297.5
249,61417.5
250,61437.5
251,61932.5
252,61877.5
253,61985.0
254,62280.0
255,62437.5
256,62670.0
257,62915.0
258,63447.5
259,64167.5
260,64275.0
261,64295.0
262,64777.5
263,65635.0
264,65680.0
265,66287.5
266,66432.5
267,66727.5
268,67272.5
269,67442.5
270,67800.0
271,67957.5
272,68277.5
273,68385.0
274,68555.0
275,68825.0
276,69145.0
277,69565.0
278,69410.0
279,69405.0
280,69850.0
281,70532.5
282,70652.5
283,71160.0
284,71842.5
285,72237.5
286,72457.5
287,72877.5
288,72822.5
289,73055.0
290,73250.0
291,73520.0
292,73715.0
293,73997.5
294,74292.5
295,74587.5
296,74857.5
297,75077.5
298,75610.0
299,75780.0
300,75975.0
301,76332.5
302,76627.5
303,76972.5
304,77292.5
305,77712.5
306,77995.0
307,78490.0
308,78685.0
309,78805.0
310,79287.5
311,79382.5
312,79552.5
313,79760.0
314,79792.5
315,80075.0
316,80282.5
317,80677.5
318,80885.0
319,81142.5
320,81350.0
321,81420.0
322,81665.0
323,81797.5
324,81842.5
325,82400.0
326,82107.5
327,82627.5
328,82510.0
329,82480.0
330,82600.0
331,82620.0
332,82702.5
333,82547.5
334,82830.0
335,82812.5
336,83045.0
337,83115.0
338,83347.5
339,83442.5
340,83750.0
341,83970.0
342,83965.0
343,84197.5
344,84142.5
345,84312.5
346,84420.0
347,84577.5
348,84685.0
349,84817.5
350,84925.0
351,85232.5
352,85415.0
353,85597.5
354,85717.5
355,85937.5
356,86157.5
357,86352.5
358,86335.0
359,86455.0
360,86562.5
361,86520.0
362,86777.5
363,86897.5
364,86817.5
365,87025.0
366,87320.0
367,87377.5
368,87722.5
369,88005.0
370,87975.0
371,88207.5
372,88752.5
373,88910.0
374,89005.0
375,89412.5
376,89357.5
377,89590.0
378,89710.0
379,89717.5
380,89525.0
381,89695.0
382,89877.5
383,90135.0
384,90767.5
385,90775.0
386,90895.0
387,91115.0
388,91522.5
389,91892.5
390,91875.0
391,91995.0
392,91965.0
393,91985.0
394,92230.0
395,92362.5
396,93282.5
397,93452.5
398,93585.0
399,93705.0
400,93775.0
401,93845.0
402,94090.0
403,94197.5
404,94167.5
405,94287.5
406,94720.0
407,94990.0
408,95122.5
409,95455.0
410,95775.0
411,95820.0
412,96290.0
413,96460.0
414,96730.0
415,96825.0
416,96920.0
417,97127.5
418,97372.5
419,97517.5
420,97675.0
421,97745.0
422,97865.0
423,98035.0
424,98005.0
425,98187.5
426,98282.5
427,98590.0
428,98860.0
429,99167.5
430,99162.5
431,99395.0
432,99390.0
433,99560.0
434,99630.0
435,99800.0
436,99957.5
437,100002.5
438,100197.5
439,100230.0
440,100350.0
441,100370.0
442,100577.5
443,100697.5
444,100805.0
445,100887.5
446,100907.5
447,100940.0
448,100985.0
449,100930.0
450,100887.5
451,101257.5
452,101690.0
453,101747.5
454,101780.0
455,101762.5
456,101970.0
457,101965.0
458,101860.0
459,101842.5
460,101950.0
461,102032.5
462,102015.0
463,102147.5
464,102130.0
465,102475.0
466,102682.5
467,102777.5
468,102760.0
469,102967.5
470,103062.5
471,103207.5
472,103440.0
473,104110.0
474,104330.0
475,104737.5
476,105107.5
477,105152.5
478,105247.5
479,105480.0
480,105575.0
481,105845.0
482,105990.0
483,106047.5
484,106130.0
485,106137.5
486,106120.0
487,106102.5
488,106097.5
489,106117.5
490,106100.0
491,106107.5
492,106152.5
493,106297.5
494,106442.5
495,106462.5
496,106495.0
497,106465.0
498,106497.5
499,106480.0
500,106587.5
501,107032.5
502,107215.0
503,107585.0
504,107680.0
505,107825.0
506,107820.0
507,107877.5
508,107960.0
509,107905.0
510,107975.0
511,107995.0
512,108040.0
513,108285.0
514,108405.0
515,108612.5
516,108857.5
517,109327.5
518,109247.5
519,109292.5
520,109887.5
521,109732.5
522,109977.5
523,110272.5
524,110317.5
525,110400.0
526,110557.5
527,110827.5
528,110822.5
529,111430.0
530,111537.5
531,111495.0
532,111790.0
533,112022.5
534,112255.0
535,112400.0
536,112507.5
537,112540.0
538,112885.0
539,113292.5
540,113650.0
541,113970.0
542,114152.5
543,114197.5
544,114442.5
545,114475.0
546,114495.0
547,114440.0
548,114685.0
549,114755.0
550,114837.5
551,114720.0
552,114827.5
553,115360.0
554,115367.5
555,115575.0
556,115707.5
557,115840.0
558,116072.5
559,116667.5
560,116600.0
561,116682.5
562,116790.0
563,117010.0
564,117242.5
565,117225.0
566,117370.0
567,117602.5
568,117585.0
569,117730.0
570,117850.0
571,117920.0
572,117990.0
573,118122.5
574,118880.0
575,119175.0
576,119845.0
577,119852.5
578,120097.5
579,120380.0
580,120662.5
581,121182.5
582,121565.0
583,121722.5
584,121905.0
585,122062.5
586,122145.0
587,122752.5
588,122772.5
589,122730.0
590,122987.5
591,123007.5
592,123090.0
593,123110.0
594,123442.5
595,123650.0
596,123520.0
597,123827.5
598,123972.5
599,124255.0
600,124612.5
601,124707.5
602,124940.0
603,124935.0
604,125092.5
605,125425.0
606,126045.0
607,126052.5
608,125735.0
609,126255.0
610,126862.5
611,127095.0
612,127090.0
613,127560.0
614,127592.5
615,127787.5
616,127720.0
617,127640.0
618,127935.0
619,128217.5
620,128350.0
621,128295.0
622,128377.5
623,128522.5
624,128542.5
625,128500.0
626,128457.5
627,128465.0
628,128560.0
629,128555.0
630,129100.0
631,129395.0
632,129552.5
633,129672.5
634,129742.5
635,129762.5
636,129807.5
637,130015.0
638,129997.5
639,130192.5
640,130150.0
641,130270.0
642,130377.5
643,130485.0
644,130517.5
645,130550.0
646,130507.5
647,130477.5
648,130460.0
649,130430.0
650,130512.5
651,130607.5
652,130977.5
653,131222.5
654,131430.0
655,131575.0
656,131895.0
657,132177.5
658,132322.5
659,132417.5
660,132700.0
661,133370.0
662,133927.5
663,133922.5
664,133842.5
665,134025.0
666,134157.5
667,134390.0
668,134447.5
669,134667.5
670,135087.5
671,135020.0
672,135627.5
673,135885.0
674,136267.5
675,136300.0
676,136320.0
677,136415.0
678,136660.0
679,136667.5
680,136662.5
681,136720.0
682,137390.0
683,137760.0
684,137930.0
685,138087.5
686,138170.0
687,138702.5
688,138785.0
689,138942.5
690,139362.5
691,139245.0
692,139615.0
693,139610.0
694,139880.0
695,139800.0
696,139820.0
697,140027.5
698,140822.5
699,141005.0
700,141287.5
701,141295.0
702,141852.5
703,142097.5
704,142767.5
705,142987.5
706,143120.0
707,143515.0
708,143560.0
709,143780.0
710,144075.0
711,144107.5
712,144165.0
713,144085.0
714,144080.0
715,144200.0
716,144145.0
717,144352.5
718,144572.5
719,144630.0
720,144775.0
721,145007.5
722,145215.0
723,145447.5
724,145480.0
725,145462.5
726,145307.5
727,145602.5
728,145710.0
729,145917.5
730,145925.0
731,146170.0
732,146177.5
733,146210.0
734,146405.0
735,146500.0
736,146582.5
737,146952.5
738,146985.0
739,147167.5
740,147800.0
741,147932.5
742,148827.5
743,149522.5
744,150067.5
745,150487.5
746,150482.5
747,150540.0
748,150847.5
749,150867.5
750,151087.5
751,151445.0
752,151815.0
753,151985.0
754,152255.0
755,152575.0
756,152945.0
757,153252.5
758,153147.5
759,153180.0
760,153487.5
761,153457.5
762,153665.0
763,153622.5
764,153667.5
765,153737.5
766,153720.0
767,153715.0
768,153735.0
769,153817.5
770,153787.5
771,153732.5
772,154365.0
773,154722.5
774,154980.0
775,155350.0
776,155170.0
777,155465.0
778,155597.5
779,155917.5
780,156062.5
781,156232.5
782,156577.5
783,156597.5
784,156830.0
785,156937.5
786,157082.5
787,157265.0
788,157322.5
789,157567.5
790,157600.0
791,157820.0
792,157927.5
793,158122.5
794,158930.0
795,158850.0
796,158995.0
797,159265.0
798,159810.0
799,160055.0
800,160350.0
801,160970.0
802,160977.5
803,161335.0
804,161405.0
805,161400.0
806,161607.5
807,161890.0
808,162085.0
809,162305.0
810,162450.0
811,162682.5
812,162902.5
813,163047.5
814,163167.5
815,163412.5
816,163470.0
817,163640.0
818,163860.0
819,164205.0
820,164425.0
821,164570.0
822,164490.0
823,164472.5
824,164455.0
825,164575.0
826,164532.5
827,164640.0
828,164847.5
829,164942.5
830,165012.5
831,165032.5
832,165090.0
833,165322.5
834,165392.5
835,165625.0
836,165707.5
837,165852.5
838,166360.0
839,166380.0
840,166525.0
841,166632.5
842,166702.5
843,166960.0
844,167130.0
845,167250.0
846,168257.5
847,168127.5
848,168410.0
849,168805.0
850,168975.0
851,169282.5
852,169315.0
853,169822.5
854,170067.5
855,170025.0
856,170445.0
857,170677.5
858,170697.5
859,171130.0
860,171300.0
861,171582.5
862,171752.5
863,171810.0
864,172217.5
865,172300.0
866,172320.0
867,172377.5
868,172560.0
869,172630.0
870,172737.5
871,172870.0
872,172852.5
873,172910.0
874,173117.5
875,173137.5
876,173220.0
877,173340.0
878,173335.0
879,173467.5
880,173587.5
881,173595.0
882,173565.0
883,173922.5
884,173842.5
885,174050.0
886,174132.5
887,174527.5
888,174535.0
889,174755.0
890,174750.0
891,175007.5
892,175165.0
893,175297.5
894,175230.0
895,175375.0
896,175570.0
897,175652.5
898,176810.0
899,176892.5
900,177075.0
901,177345.0
902,177915.0
903,178122.5
904,178242.5
905,178912.5
906,179045.0
907,179415.0
908,180085.0
909,180430.0
910,180437.5
911,180557.5
912,181190.0
913,181322.5
914,181567.5
915,181850.0
916,182082.5
917,182590.0
918,183472.5
919,183530.0
920,184012.5
921,184282.5
922,184477.5
923,184785.0
924,184667.5
925,184887.5
926,185032.5
927,185327.5
928,185435.0
929,185505.0
930,186012.5
931,186270.0
932,186290.0
933,186560.0
934,186905.0
935,186950.0
936,187245.0
937,187352.5
938,187347.5
939,187355.0
940,187475.0
941,188020.0
942,188052.5
943,188322.5
944,188392.5
945,188450.0
946,188545.0
947,188727.5
948,188597.5
949,188830.0
950,188987.5
951,189157.5
952,189377.5
953,189472.5
954,189417.5
955,189550.0
956,189632.5
957,189727.5
958,189885.0
959,189980.0
960,190187.5
961,190345.0
962,190377.5
963,190410.0
964,190580.0
965,190625.0
966,190632.5
967,190677.5
968,190660.0
969,190792.5
970,190800.0
971,190832.5
972,190902.5
973,191147.5
974,191292.5
975,191537.5
976,191670.0
977,191852.5
978,192035.0
979,192142.5
980,192500.0
981,192845.0
982,193465.0
983,193422.5
984,193780.0
985,193912.5
986,194182.5
987,194240.0
988,194335.0
989,194742.5
990,194762.5
991,194795.0
992,195302.5
993,195685.0
994,196205.0
995,196325.0
996,196332.5
997,196815.0
998,197085.0
999,197180.0
1000,197500.0
1001,198095.0
1002,198102.5
1003,198410.0
1004,198667.5
1005,198912.5
1006,199045.0
1007,199277.5
1008,199297.5
1009,199455.0
1010,199412.5
1011,199232.5
1012,199302.5
1013,199097.5
1014,199267.5
1015,199337.5
1016,199632.5
1017,199727.5
1018,199835.0
1019,199917.5
1020,199887.5
1021,200270.0
1022,200365.0
1023,200335.0
1024,200355.0
1025,200425.0
1026,200407.5
1027,200402.5
1028,200422.5
1029,200417.5
1030,200450.0
1031,200445.0
1032,201165.0
1033,201297.5
1034,201405.0
1035,201712.5
1036,201695.0
1037,201940.0
1038,202272.5
1039,201930.0
1040,202350.0
1041,202670.0
1042,202690.0
1043,202760.0
1044,202955.0
1045,202975.0
1046,203320.0
1047,203490.0
1048,203860.0
1049,203817.5
1050,203850.0
1051,203995.0
1052,204902.5
1053,204985.0
1054,205242.5
1055,205725.0
1056,205757.5
1057,205765.0
1058,205810.0
1059,206080.0
1060,206412.5
1061,206470.0
1062,206627.5
1063,206872.5
1064,206967.5
1065,207050.0
1066,207145.0
1067,207177.5
1068,207135.0
1069,207355.0
1070,207600.0
1071,207932.5
1072,208440.0
1073,208822.5
1074,208967.5
1075,209062.5
1076,208957.5
1077,208990.0
1078,209197.5
1079,209317.5
1080,209387.5
1081,209370.0
1082,209415.0
1083,209635.0
1084,209692.5
1085,209775.0
1086,209820.0
1087,210252.5
1088,210347.5
1089,210442.5
1090,210675.0
1091,210732.5
1092,210827.5
1093,210847.5
1094,210842.5
1095,210825.0
1096,210907.5
1097,210977.5
1098,211122.5
1099,211267.5
1100,211475.0
1101,211620.0
1102,211652.5
1103,211785.0
1104,211867.5
1105,212050.0
1106,212232.5
1107,212402.5
1108,212560.0
1109,212617.5
1110,212950.0
1111,213157.5
1112,213315.0
1113,214160.0
1114,214117.5
1115,214250.0
1116,214432.5
1117,214402.5
1118,214460.0
1119,214592.5
1120,214437.5
1121,214570.0
1122,214802.5
1123,214997.5
1124,215242.5
1125,215700.0
1126,215932.5
1127,216127.5
1128,216385.0
1129,216617.5
1130,216750.0
1131,216957.5
1132,217002.5
1133,216997.5
1134,217092.5
1135,217175.0
1136,217320.0
1137,217365.0
1138,217422.5
1139,217492.5
1140,217562.5
1141,217532.5
1142,217565.0
1143,217647.5
1144,217492.5
1145,218100.0
1146,218395.0
1147,218252.5
1148,218285.0
1149,218467.5
1150,218625.0
1151,218720.0
1152,218852.5
1153,218810.0
1154,218980.0
1155,219537.5
1156,219820.0
1157,219940.0
1158,220260.0
1159,220105.0
1160,220162.5
1161,220220.0
1162,220327.5
1163,220485.0
1164,220642.5
1165,220475.0
1166,220620.0
1167,220827.5
1168,220897.5
1169,220817.5
1170,220812.5
1171,220845.0
1172,220977.5
1173,221097.5
1174,221267.5
1175,221225.0
1176,221257.5
1177,221465.0
1178,221697.5
1179,222280.0
1180,222537.5
1181,222545.0
1182,222640.0
1183,223172.5
1184,223880.0
1185,224225.0
1186,224170.0
1187,224302.5
1188,224897.5
1189,224905.0
1190,225275.0
1191,225432.5
1192,226127.5
1193,226372.5
1194,226605.0
1195,226625.0
1196,226670.0
1197,226890.0
1198,227172.5
1199,227842.5
1200,228837.5
1201,229145.0
1202,229502.5
1203,229160.0
1204,229255.0
1205,229300.0
1206,229357.5
1207,229415.0
1208,229485.0
1209,229705.0
1210,229837.5
1211,229770.0
1212,229990.0
1213,229997.5
1214,229992.5
1215,230062.5
1216,230045.0
1217,230177.5
1218,230385.0
1219,231217.5
1220,231487.5
1221,231695.0
1222,231777.5
1223,231985.0
1224,232292.5
1225,232275.0
1226,232495.0
1227,232777.5
1228,232735.0
1229,233117.5
1230,233187.5
1231,233107.5
1232,233702.5
1233,233785.0
1234,234292.5
1235,234412.5
1236,234820.0
1237,235077.5
1238,235335.0
1239,235380.0
1240,235712.5
1241,235795.0
1242,235727.5
1243,236147.5
1244,236380.0
1245,236762.5
1246,236807.5
1247,236890.0
1248,237085.0
1249,237167.5
1250,237262.5
1251,237470.0
1252,237390.0
1253,237597.5
1254,237730.0
1255,237650.0
1256,237807.5
1257,237915.0
1258,238035.0
1259,238342.5
1260,238287.5
1261,238732.5
1262,239202.5
1263,239110.0
1264,239180.0
1265,239262.5
1266,239432.5
1267,239490.0
1268,239535.0
1269,239630.0
1270,239787.5
1271,239945.0
1272,240127.5
1273,240072.5
1274,239942.5
1275,240175.0
1276,240020.0
1277,240127.5
1278,240185.0
1279,240255.0
1280,240475.0
1281,240620.0
1282,240727.5
1283,240685.0
1284,240605.0
1285,240875.0
1286,241082.5
1287,241002.5
1288,241322.5
1289,241417.5
1290,241337.5
1291,241482.5
1292,241677.5
1293,241872.5
1294,242005.0
1295,242000.0
1296,242082.5
1297,242227.5
1298,242460.0
1299,242542.5
1300,242775.0
1301,242807.5
1302,242952.5
1303,242972.5
1304,243142.5
1305,243262.5
1306,243145.0
1307,243102.5
1308,243022.5
1309,243080.0
1310,243237.5
1311,243445.0
1312,243540.0
1313,243560.0
1314,243642.5
1315,243675.0
1316,243632.5
1317,243640.0
1318,243672.5
1319,243880.0
1320,244237.5
1321,244295.0
1322,244452.5
1323,244497.5
1324,244567.5
1325,244575.0
1326,244770.0
1327,244852.5
1328,244960.0
1329,245167.5
1330,245387.5
1331,245520.0
1332,245490.0
1333,245622.5
1334,245755.0
1335,245675.0
1336,245695.0
1337,245802.5
1338,245947.5
1339,246055.0
1340,246050.0
1341,246532.5
1342,246727.5
1343,246897.5
1344,246942.5
1345,247025.0
1346,247457.5
1347,247552.5
1348,247860.0
1349,247767.5
1350,248112.5
1351,248182.5
1352,248290.0
1353,248397.5
1354,248717.5
1355,249375.0
1356,249470.0
1357,249577.5
1358,249910.0
1359,249955.0
1360,250087.5
1361,250157.5
1362,250302.5
1363,250535.0
1364,250592.5
1365,251275.0
1366,251670.0
1367,251727.5
1368,251722.5
1369,251767.5
1370,252037.5
1371,252207.5
1372,252715.0
1373,252697.5
1374,252867.5
1375,253000.0
1376,252970.0
1377,253040.0
1378,253172.5
1379,253267.5
1380,253525.0
1381,253482.5
1382,253390.0
1383,253397.5
1384,253955.0
1385,254225.0
1386,254482.5
1387,254977.5
1388,254622.5
1389,254830.0
1390,255225.0
1391,255020.0
1392,255002.5
1393,255572.5
1394,255767.5
1395,256187.5
1396,256745.0
1397,256327.5
1398,256747.5
1399,256592.5
1400,256725.0
1401,256820.0
1402,256840.0
1403,257185.0
1404,257292.5
1405,257387.5
1406,257645.0
1407,257715.0
1408,258022.5
1409,258117.5
1410,258162.5
1411,258645.0
1412,258565.0
1413,259247.5
1414,260142.5
1415,260525.0
1416,260220.0
1417,260577.5
1418,260485.0
1419,260617.5
1420,260737.5
1421,260407.5
1422,260202.5
1423,260422.5
1424,261192.5
1425,261475.0
1426,262132.5
1427,261902.5
1428,261960.0
1429,261905.0
1430,261600.0
1431,262095.0
1432,262452.5
1433,262585.0
1434,263017.5
1435,263125.0
1436,263257.5
1437,263777.5
1438,263822.5
1439,263967.5
1440,264575.0
1441,264707.5
1442,265377.5
1443,265547.5
1444,266042.5
1445,266225.0
1446,266370.0
1447,266990.0
1448,267685.0
1449,267580.0
1450,268037.5
1451,268657.5
1452,268927.5
1453,269285.0
1454,269567.5
1455,269612.5
1456,270195.0
1457,270327.5
1458,271247.5
1459,271267.5
1460,271725.0
1461,271757.5
1462,272265.0
1463,272522.5
1464,272455.0
1465,272937.5
1466,273357.5
1467,273840.0
1468,274347.5
1469,275205.0
1470,275350.0
1471,275557.5
1472,275840.0
1473,276547.5
1474,276330.0
1475,276162.5
1476,276620.0
1477,276527.5
1478,277010.0
1479,277355.0
1480,277612.5
1481,278470.0
1482,278990.0
1483,279222.5
1484,279305.0
1485,280012.5
1486,280232.5
1487,280815.0
1488,281210.0
1489,281705.0
1490,281837.5
1491,282132.5
1492,282240.0
1493,281997.5
1494,282155.0
1495,282225.0
1496,282270.0
1497,282590.0
1498,282947.5
1499,282830.0
1500,282900.0
1501,283170.0
1502,283790.0
1503,284172.5
1504,284680.0
1505,284725.0
1506,284845.0
1507,285790.0
1508,286185.0
1509,286842.5
1510,286875.0
1511,287007.5
1512,286627.5
1513,286847.5
1514,287055.0
1515,287400.0
1516,287745.0
1517,287852.5
1518,288072.5
1519,288080.0
1520,288375.0
1521,288707.5
1522,289440.0
1523,289322.5
1524,289817.5
1525,290025.0
1526,290545.0
1527,290652.5
1528,290772.5
1529,290917.5
1530,291012.5
1531,291170.0
1532,291465.0
1533,291422.5
1534,291430.0
1535,291687.5
1536,292045.0
1537,292090.0
1538,292660.0
1539,292842.5
1540,292900.0
1541,293295.0
1542,293340.0
1543,293847.5
1544,294030.0
1545,294275.0
1546,294345.0
1547,294390.0
1548,294922.5
1549,294580.0
1550,294587.5
1551,294645.0
1552,294940.0
1553,295222.5
1554,295567.5
1555,295512.5
1556,295995.0
1557,296140.0
1558,296197.5
1559,296267.5
1560,296287.5
1561,296282.5
1562,296240.0
1563,296410.0
1564,296480.0
1565,296625.0
1566,296870.0
1567,296915.0
1568,297585.0
1569,297480.0
1570,297562.5
1571,297970.0
1572,298015.0
1573,298310.0
1574,298417.5
1575,298512.5
1576,298507.5
1577,298552.5
1578,298747.5
1579,298867.5
1580,299300.0
1581,299370.0
1582,299990.0
1583,300110.0
1584,300292.5
1585,300462.5
1586,301182.5
1587,301015.0
1588,301360.0
1589,301505.0
1590,301837.5
1591,301957.5
1592,302527.5
1593,302772.5
1594,303292.5
1595,303400.0
1596,303620.0
1597,303765.0
1598,304447.5
1599,305617.5
1600,306200.0
1601,306657.5
1602,306940.0
1603,307122.5
1604,307292.5
1605,307537.5
1606,307645.0
1607,307702.5
1608,308297.5
1609,309155.0
1610,309425.0
1611,309957.5
1612,310415.0
1613,310672.5
1614,310692.5
1615,310900.0
1616,311082.5
1617,311240.0
1618,311310.0
1619,311455.0
1620,311475.0
1621,311545.0
1622,311665.0
1623,311710.0
1624,312017.5
1625,312175.0
1626,312182.5
1627,312227.5
1628,312335.0
1629,312430.0
1630,312475.0
1631,312570.0
1632,312652.5
1633,312722.5
1634,312892.5
1635,312925.0
1636,313082.5
1637,313227.5
1638,313210.0
1639,313155.0
1640,313137.5
1641,313307.5
1642,313427.5
1643,313472.5
1644,313792.5
1645,313925.0
1646,314120.0
1647,314452.5
1648,314597.5
1649,314667.5
1650,314625.0
1651,314770.0
1652,314765.0
1653,314910.0
1654,315167.5
1655,315450.0
1656,315607.5
1657,315890.0
1658,315922.5
1659,316117.5
1660,316225.0
1661,316095.0
1662,316302.5
1663,316410.0
1664,316742.5
1665,316975.0
1666,317470.0
1667,317465.0
1668,317622.5
1669,317817.5
1670,317975.0
1671,317957.5
1672,318090.0
1673,318160.0
1674,318167.5
1675,318275.0
1676,318357.5
1677,318352.5
1678,318597.5
1679,318630.0
1680,318775.0
1681,318870.0
1682,319065.0
1683,319072.5
1684,319092.5
1685,319075.0
1686,319107.5
1687,319040.0
1688,319210.0
1689,319355.0
1690,319825.0
1691,320107.5
1692,320102.5
1693,320447.5
1694,320430.0
1695,320487.5
1696,320457.5
1697,320615.0
1698,320947.5
1699,321392.5
1700,321487.5
1701,321682.5
1702,322015.0
1703,321960.0
1704,321955.0
1705,322000.0
1706,322007.5
1707,322190.0
1708,322097.5
1709,322142.5
1710,322250.0
1711,322407.5
1712,322690.0
1713,322935.0
1714,322855.0
1715,322937.5
1716,322932.5
1717,323040.0
1718,323072.5
1719,323142.5
1720,323450.0
1721,323357.5
1722,323452.5
1723,323547.5
1724,323605.0
1725,323550.0
1726,323670.0
1727,323790.0
1728,323810.0
1729,323955.0
1730,323887.5
1731,324007.5
1732,324140.0
1733,324285.0
1734,324430.0
1735,324425.0
1736,324532.5
1737,324665.0
1738,324747.5
1739,324917.5
1740,325137.5
1741,325282.5
1742,325402.5
1743,325535.0
1744,325580.0
1745,325637.5
1746,325745.0
1747,325727.5
1748,325785.0
1749,325867.5
1750,325925.0
1751,325982.5
1752,325940.0
1753,325935.0
1754,325867.5
1755,325825.0
1756,325920.0
1757,326015.0
1758,326035.0
1759,326042.5
1760,326075.0
1761,325995.0
1762,326077.5
1763,326160.0
1764,326555.0
1765,326800.0
1766,326920.0
1767,327552.5
1768,328272.5
1769,328467.5
1770,328475.0
1771,328632.5
1772,328590.0
1773,329122.5
1774,329342.5
1775,329762.5
1776,330157.5
1777,330215.0
1778,330735.0
1779,330967.5
1780,331125.0
1781,331232.5
1782,331552.5
1783,331597.5
1784,331655.0
1785,331975.0
1786,332057.5
1787,332290.0
1788,332310.0
1789,332480.0
1790,332525.0
1791,332557.5
1792,332565.0
1793,332660.0
1794,332717.5
1795,332700.0
1796,332695.0
1797,332690.0
1798,332760.0
1799,332867.5
1800,333237.5
1801,333170.0
1802,333365.0
1803,333510.0
1804,333467.5
1805,333512.5
1806,333720.0
1807,333765.0
1808,333897.5
1809,334030.0
1810,333762.5
1811,334007.5
1812,334127.5
1813,334247.5
1814,334230.0
1815,334337.5
1816,334707.5
1817,334715.0
1818,334860.0
1819,334942.5
1820,335000.0
1821,335445.0
1822,335765.0
1823,335722.5
1824,336080.0
1825,336225.0
1826,336370.0
1827,336440.0
1828,336472.5
1829,336530.0
1830,337050.0
1831,337382.5
1832,337902.5
1833,338397.5
1834,338592.5
1835,338725.0
1836,338920.0
1837,339152.5
1838,339335.0
1839,339555.0
1840,339912.5
1841,339895.0
1842,340890.0
1843,341472.5
1844,341805.0
1845,341925.0
1846,342207.5
1847,342915.0
1848,342885.0
1849,343142.5
1850,343387.5
1851,343670.0
1852,343902.5
1853,344597.5
1854,344930.0
1855,345412.5
1856,345757.5
1857,346365.0
1858,346722.5
1859,346855.0
1860,346987.5
1861,347157.5
1862,347165.0
1863,347360.0
1864,347517.5
1865,347950.0
1866,348395.0
1867,348377.5
1868,348435.0
1869,348492.5
1870,348550.0
1871,348570.0
1872,348652.5
1873,348785.0
1874,348905.0
1875,349062.5
1876,348995.0
1877,349040.0
1878,349085.0
1879,349217.5
1880,349187.5
1881,349307.5
1882,349477.5
1883,349510.0
1884,350055.0
1885,350125.0
1886,350095.0
1887,350390.0
1888,350585.0
1889,350555.0
1890,350737.5
1891,350982.5
1892,351502.5
1893,351660.0
1894,352142.5
1895,352187.5
1896,352407.5
1897,352515.0
1898,352810.0
1899,352942.5
1900,353050.0
1901,353107.5
1902,353365.0
1903,353547.5
1904,353642.5
1905,353625.0
1906,353582.5
1907,354302.5
1908,354747.5
1909,354905.0
1910,355125.0
1911,355370.0
1912,355677.5
1913,355697.5
1914,355767.5
1915,355775.0
1916,355832.5
1917,356465.0
1918,356422.5
1919,356805.0
1920,357187.5
1921,357357.5
1922,357352.5
1923,357522.5
1924,357642.5
1925,357725.0
1926,357732.5
1927,357990.0
1928,358285.0
1929,358342.5
1930,358275.0
1931,358482.5
1932,358652.5
1933,358860.0
1934,359305.0
1935,359650.0
1936,359782.5
1937,359865.0
1938,360397.5
1939,360905.0
1940,361062.5
1941,361295.0
1942,361590.0
1943,361885.0
1944,362230.0
1945,362462.5
1946,362645.0
1947,362652.5
1948,362672.5
1949,362967.5
1950,363200.0
1951,363182.5
1952,363352.5
1953,363660.0
1954,363717.5
1955,363700.0
1956,363857.5
1957,364427.5
1958,364585.0
1959,364755.0
1960,364812.5
1961,364982.5
1962,365190.0
1963,365285.0
1964,365542.5
1965,365725.0
1966,365870.0
1967,365827.5
1968,365797.5
1969,365817.5
1970,365862.5
1971,365845.0
1972,365902.5
1973,365997.5
1974,365980.0
1975,365987.5
1976,365995.0
1977,366002.5
1978,365972.5
1979,365917.5
1980,366412.5
1981,366745.0
1982,366890.0
1983,367060.0
1984,367267.5
1985,367550.0
1986,367857.5
1987,367952.5
1988,368497.5
1989,368917.5
1990,369262.5
1991,369645.0
1992,369765.0
1993,370147.5
1994,370305.0
1995,370500.0
1996,370982.5
1997,371015.0
1998,371110.0
1999,371217.5
2000,371912.5
2001,372507.5
2002,373015.0
2003,373672.5
2004,373980.0
2005,374075.0
2006,374132.5
2007,374252.5
2008,374372.5
2009,374842.5
2010,375137.5
2011,375345.0
2012,375490.0
2013,375635.0
2014,375717.5
2015,375937.5
2016,375982.5
2017,376027.5
2018,376010.0
2019,376017.5
2020,376087.5
2021,376195.0
2022,376327.5
2023,376635.0
2024,376392.5
2025,376550.0
2026,376732.5
2027,377090.0
2028,377172.5
2029,377467.5
2030,377837.5
2031,377932.5
2032,378165.0
2033,378310.0
2034,378492.5
2035,378075.0
2036,378320.0
2037,378390.0
2038,378522.5
2039,378780.0
2040,378762.5
2041,378995.0
2042,379165.0
2043,379247.5
2044,379367.5
2045,379625.0
2046,380295.0
2047,380590.0
2048,380685.0
2049,381167.5
2050,381425.0
2051,381407.5
2052,381452.5
2053,381560.0
2054,382105.0
2055,382662.5
2056,383757.5
2057,384040.0
2058,384335.0
2059,384355.0
2060,384050.0
2061,383995.0
2062,384077.5
2063,384110.0
2064,384117.5
2065,384487.5
2066,384670.0
2067,384640.0
2068,384797.5
2069,384705.0
2070,384800.0
2071,385232.5
2072,385440.0
2073,385497.5
2074,385605.0
2075,385862.5
2076,386070.0
2077,386177.5
2078,386510.0
2079,386430.0
2080,386575.0
2081,386845.0
2082,386927.5
2083,387160.0
2084,387217.5
2085,387312.5
2086,387570.0
2087,387540.0
2088,387810.0
2089,387930.0
2090,387975.0
2091,387957.5
2092,387990.0
2093,388035.0
2094,388067.5
2095,388050.0
2096,388057.5
2097,388077.5
2098,388372.5
2099,388705.0
2100,388962.5
2101,389095.0
2102,389390.0
2103,389460.0
2104,389580.0
2105,389725.0
2106,389895.0
2107,390015.0
2108,390135.0
2109,390267.5
2110,390300.0
2111,390382.5
2112,390502.5
2113,390722.5
2114,390692.5
2115,390800.0
2116,390820.0
2117,390890.0
2118,390785.0
2119,390867.5
2120,390875.0
2121,391070.0
2122,391190.0
2123,391397.5
2124,391367.5
2125,391412.5
2126,391320.0
2127,391777.5
2128,391960.0
2129,392017.5
2130,392062.5
2131,391895.0
2132,392065.0
2133,392160.0
2134,392230.0
2135,392350.0
2136,392457.5
2137,392452.5
2138,392610.0
2139,392617.5
2140,392512.5
2141,392545.0
2142,392990.0
2143,392847.5
2144,393030.0
2145,393862.5
2146,394282.5
2147,394002.5
2148,394410.0
2149,394930.0
2150,395300.0
2151,395632.5
2152,396115.0
2153,396572.5
2154,396742.5
2155,396725.0
2156,396682.5
2157,396815.0
2158,396747.5
2159,397130.0
2160,397300.0
2161,397620.0
2162,397865.0
2163,398097.5
2164,398342.5
2165,398750.0
2166,399370.0
2167,399615.0
2168,400122.5
2169,400180.0
2170,400187.5
2171,400207.5
2172,400602.5
2173,400497.5
2174,400642.5
2175,400862.5
2176,401007.5
2177,401177.5
2178,401435.0
2179,401617.5
2180,401500.0
2181,401632.5
2182,401652.5
2183,401622.5
2184,402242.5
2185,402775.0
2186,402982.5
2187,403227.5
2188,403372.5
2189,403530.0
2190,404025.0
2191,404132.5
2192,404515.0
2193,404185.0
2194,404567.5
2195,404612.5
2196,405420.0
2197,405952.5
2198,406972.5
2199,407542.5
2200,408100.0
2201,407807.5
2202,407827.5
2203,407997.5
2204,408242.5
2205,409062.5
2206,409257.5
2207,409915.0
2208,410447.5
2209,410642.5
2210,411175.0
2211,411782.5
2212,412165.0
2213,412910.0
2214,413542.5
2215,414075.0
2216,414632.5
2217,415390.0
2218,416072.5
2219,416142.5
2220,416162.5
2221,416082.5
2222,416290.0
2223,416247.5
2224,416392.5
2225,416700.0
2226,417020.0
2227,417027.5
2228,417147.5
2229,417705.0
2230,417800.0
2231,417782.5
2232,417827.5
2233,418135.0
2234,418142.5
2235,418375.0
2236,418720.0
2237,418865.0
2238,418760.0
2239,419030.0
2240,419162.5
2241,419220.0
2242,419265.0
2243,419410.0
2244,419467.5
2245,419287.5
2246,419882.5
2247,420502.5
2248,420710.0
2249,421417.5
2250,422137.5
2251,422432.5
2252,422915.0
2253,422610.0
2254,422617.5
2255,422712.5
2256,422595.0
2257,423490.0
2258,423647.5
2259,423617.5
2260,423662.5
2261,423970.0
2262,424477.5
2263,424635.0
2264,424992.5
2265,425425.0
2266,426007.5
2267,426052.5
2268,426035.0
2269,426317.5
2270,425975.0
2271,426995.0
2272,427515.0
2273,427772.5
2274,427942.5
2275,427962.5
2276,428107.5
2277,429340.0
2278,429697.5
2279,430180.0
2280,430650.0
2281,430645.0
2282,431377.5
2283,431885.0
2284,432255.0
2285,432450.0
2286,432482.5
2287,432640.0
2288,433147.5
2289,433367.5
2290,433625.0
2291,434107.5
2292,434165.0
2293,434247.5
2294,434455.0
2295,434537.5
2296,434782.5
2297,435302.5
2298,435897.5
2299,436492.5
2300,437025.0
2301,437870.0
2302,438340.0
2303,438572.5
2304,439092.5
2305,439737.5
2306,440345.0
2307,441490.0
2308,442122.5
2309,443367.5
2310,443637.5
2311,444620.0
2312,445140.0
2313,445210.0
2314,446205.0
2315,446800.0
2316,447282.5
2317,449015.0
2318,450397.5
2319,449805.0
2320,450725.0
2321,450420.0
2322,451727.5
2323,452847.5
2324,454292.5
2325,454787.5
2326,455557.5
2327,456165.0
2328,457197.5
2329,457605.0
2330,458150.0
2331,458907.5
2332,459577.5
2333,459735.0
2334,459905.0
2335,460625.0
2336,460832.5
2337,461140.0
2338,461247.5
2339,461767.5
2340,461800.0
2341,462795.0
2342,463465.0
2343,463947.5
2344,464592.5
2345,465287.5
2346,465882.5
2347,466590.0
2348,466985.0
2349,467755.0
2350,468650.0
2351,469057.5
2352,469590.0
2353,469485.0
2354,470155.0
2355,470287.5
2356,471007.5
2357,471040.0
2358,471772.5
2359,471367.5
2360,471862.5
2361,472457.5
2362,473052.5
2363,473397.5
2364,474067.5
2365,474162.5
2366,474645.0
2367,474640.0
2368,475260.0
2369,475780.0
2370,476025.0
2371,476457.5
2372,476652.5
2373,476722.5
2374,478280.0
2375,478625.0
2376,478895.0
2377,478952.5
2378,479397.5
2379,479705.0
2380,480050.0
2381,479920.0
2382,479977.5
2383,480147.5
2384,480292.5
2385,480387.5
2386,480845.0
2387,480890.0
2388,481060.0
2389,481117.5
2390,481012.5
2391,481457.5
2392,481240.0
2393,482035.0
2394,482580.0
2395,482762.5
2396,483257.5
2397,483402.5
2398,483472.5
2399,483967.5
2400,484262.5
2401,484245.0
2402,484752.5
2403,485047.5
2404,485167.5
2405,485337.5
2406,485582.5
2407,485515.0
2408,485797.5
2409,486142.5
2410,486187.5
2411,486357.5
2412,486527.5
2413,486535.0
2414,486830.0
2415,486975.0
2416,487132.5
2417,487165.0
2418,487435.0
2419,487505.0
2420,487675.0
2421,487620.0
2422,488315.0
2423,488597.5
2424,489017.5
2425,489112.5
2426,489132.5
2427,489340.0
2428,489485.0
2429,489655.0
2430,489637.5
2431,489845.0
2432,490477.5
2433,490647.5
2434,490617.5
2435,490637.5
2436,491232.5
2437,491602.5
2438,491697.5
2439,491892.5
2440,492075.0
2441,492007.5
2442,492077.5
2443,492235.0
2444,492642.5
2445,492637.5
2446,493207.5
2447,493640.0
2448,493710.0
2449,494080.0
2450,494100.0
2451,494345.0
2452,494465.0
2453,494860.0
2454,495605.0
2455,495775.0
2456,496082.5
2457,496627.5
2458,497447.5
2459,497980.0
2460,498325.0
2461,498195.0
2462,498865.0
2463,499060.0
2464,500067.5
2465,500575.0
2466,501207.5
2467,502502.5
2468,502997.5
2469,503105.0
2470,503837.5
2471,504457.5
2472,504515.0
2473,504785.0
2474,505217.5
2475,506012.5
2476,506207.5
2477,506340.0
2478,506497.5
2479,506755.0
2480,506887.5
2481,507020.0
2482,507077.5
2483,507760.0
2484,507792.5
2485,508050.0
2486,508382.5
2487,508502.5
2488,508635.0
2489,508780.0
2490,508862.5
2491,508770.0
2492,509015.0
2493,509097.5
2494,509092.5
2495,508900.0
2496,508957.5
2497,509065.0
2498,509560.0
2499,509867.5
2500,509825.0
2501,509807.5
2502,509915.0
2503,509935.0
2504,510167.5
2505,510687.5
2506,510382.5
2507,510615.0
2508,510835.0
2509,511192.5
2510,511162.5
2511,511357.5
2512,511352.5
2513,511422.5
2514,511517.5
2515,512025.0
2516,512220.0
2517,513115.0
2518,513510.0
2519,513742.5
2520,513887.5
2521,514132.5
2522,514177.5
2523,514885.0
2524,515155.0
2525,515262.5
2526,515420.0
2527,515515.0
2528,515710.0
2529,515780.0
2530,515825.0
2531,515807.5
2532,515902.5
2533,515910.0
2534,517742.5
2535,518325.0
2536,519145.0
2537,519627.5
2538,519935.0
2539,520380.0
2540,520875.0
2541,521020.0
2542,520952.5
2543,521060.0
2544,521255.0
2545,521837.5
2546,522032.5
2547,522340.0
2548,522347.5
2549,522542.5
2550,521900.0
2551,522220.0
2552,522140.0
2553,522785.0
2554,522917.5
2555,523262.5
2556,523795.0
2557,523877.5
2558,524172.5
2559,524667.5
2560,525225.0
2561,525482.5
2562,526077.5
2563,526872.5
2564,527242.5
2565,527687.5
2566,528182.5
2567,528852.5
2568,528947.5
2569,528642.5
2570,529037.5
2571,529945.0
2572,530715.0
2573,531060.0
2574,531655.0
2575,532662.5
2576,532207.5
2577,532765.0
2578,533122.5
2579,533642.5
2580,533675.0
2581,533820.0
2582,534015.0
2583,534535.0
2584,534967.5
2585,535250.0
2586,535295.0
2587,535815.0
2588,536122.5
2589,536267.5
2590,536462.5
2591,536595.0
2592,537552.5
2593,538122.5
2594,538480.0
2595,538862.5
2596,539245.0
2597,539915.0
2598,540160.0
2599,540305.0
2600,540825.0
2601,541145.0
2602,541415.0
2603,541410.0
2604,541492.5
2605,541625.0
2606,542632.5
2607,543140.0
2608,544360.0
2609,544855.0
2610,545037.5
2611,545732.5
2612,546790.0
2613,547435.0
2614,547742.5
2615,547737.5
2616,548345.0
2617,549115.0
2618,549072.5
2619,549317.5
2620,548787.5
2621,549320.0
2622,549602.5
2623,549897.5
2624,549880.0
2625,550387.5
2626,550520.0
2627,550890.0
2628,551135.0
2629,551705.0
2630,552400.0
2631,552557.5
2632,552740.0
2633,552960.0
2634,553330.0
2635,553337.5
2636,553645.0
2637,553952.5
2638,554097.5
2639,554580.0
2640,554987.5
2641,555307.5
2642,555565.0
2643,555835.0
2644,555942.5
2645,556200.0
2646,556220.0
2647,556265.0
2648,557010.0
2649,556905.0
2650,557512.5
2651,557782.5
2652,558027.5
2653,558147.5
2654,558692.5
2655,559225.0
2656,559170.0
2657,559465.0
2658,559485.0
2659,559417.5
2660,559512.5
2661,559557.5
2662,559277.5
2663,559197.5
2664,559117.5
2665,559100.0
2666,559145.0
2667,559365.0
2668,559647.5
2669,559942.5
2670,560137.5
2671,560382.5
2672,560415.0
2673,560572.5
2674,560980.0
2675,561662.5
2676,561957.5
2677,562527.5
2678,562560.0
2679,562717.5
2680,562612.5
2681,562907.5
2682,563027.5
2683,563122.5
2684,563455.0
2685,563762.5
2686,564220.0
2687,564515.0
2688,564797.5
2689,564780.0
2690,564850.0
2691,565070.0
2692,565190.0
2693,565160.0
2694,565242.5
2695,565612.5
2696,566020.0
2697,566315.0
2698,566710.0
2699,566680.0
2700,567012.5
2701,567195.0
2702,567365.0
2703,567410.0
2704,567567.5
2705,568212.5
2706,568295.0
2707,568777.5
2708,568922.5
2709,568955.0
2710,569400.0
2711,569382.5
2712,569590.0
2713,569797.5
2714,569855.0
2715,569900.0
2716,569932.5
2717,569965.0
2718,570035.0
2719,569667.5
2720,569800.0
2721,569945.0
2722,570177.5
2723,570210.0
2724,570255.0
2725,570325.0
2726,570320.0
2727,570427.5
2728,570485.0
2729,570592.5
2730,570575.0
2731,570657.5
2732,570902.5
2733,571610.0
2734,571930.0
2735,572200.0
2736,572607.5
2737,572627.5
2738,572647.5
2739,572542.5
2740,572687.5
2741,572770.0
2742,572765.0
2743,572960.0
2744,572880.0
2745,573237.5
2746,573332.5
2747,573265.0
2748,573160.0
2749,573217.5
2750,573300.0
2751,573370.0
2752,573815.0
2753,573710.0
2754,573767.5
2755,573900.0
2756,573982.5
2757,574040.0
2758,574147.5
2759,574105.0
2760,575012.5
2761,575882.5
2762,575940.0
2763,576035.0
2764,576705.0
2765,577550.0
2766,577707.5
2767,577877.5
2768,578060.0
2769,578542.5
2770,579250.0
2771,579532.5
2772,579615.0
2773,579585.0
2774,579642.5
2775,580025.0
2776,580295.0
2777,581027.5
2778,581247.5
2779,581155.0
2780,581775.0
2781,582057.5
2782,582077.5
2783,582210.0
2784,582217.5
2785,582387.5
2786,582695.0
2787,583152.5
2788,584072.5
2789,584780.0
2790,585425.0
2791,586095.0
2792,586865.0
2793,587210.0
2794,587730.0
2795,587700.0
2796,587707.5
2797,587677.5
2798,588160.0
2799,588792.5
2800,589375.0
2801,589632.5
2802,589952.5
2803,590322.5
2804,590392.5
2805,590637.5
2806,591282.5
2807,591515.0
2808,591897.5
2809,592005.0
2810,592362.5
2811,592482.5
2812,592540.0
2813,592472.5
2814,592680.0
2815,592725.0
2816,592657.5
2817,592802.5
2818,593097.5
2819,593180.0
2820,593600.0
2821,593782.5
2822,593902.5
2823,594160.0
2824,594292.5
2825,594362.5
2826,594895.0
2827,595152.5
2828,595185.0
2829,595392.5
2830,595425.0
2831,595545.0
2832,595565.0
2833,595735.0
2834,595830.0
2835,595987.5
2836,596307.5
2837,596477.5
2838,596610.0
2839,596767.5
2840,596925.0
2841,597132.5
2842,597440.0
2843,597972.5
2844,597942.5
2845,598200.0
2846,598182.5
2847,598102.5
2848,598285.0
2849,598505.0
2850,598837.5
2851,599307.5
2852,599277.5
2853,599285.0
2854,600005.0
2855,600350.0
2856,600682.5
2857,600915.0
2858,601097.5
2859,601405.0
2860,601400.0
2861,601582.5
2862,601690.0
2863,602272.5
2864,602330.0
2865,602750.0
2866,602845.0
2867,603177.5
2868,603122.5
2869,603342.5
2870,603387.5
2871,603345.0
2872,603502.5
2873,603497.5
2874,603730.0
2875,604025.0
2876,604232.5
2877,604552.5
2878,604522.5
2879,604880.0
2880,605225.0
2881,605270.0
2882,605540.0
2883,605685.0
2884,605680.0
2885,605750.0
2886,606282.5
2887,606465.0
2888,606910.0
2889,607317.5
2890,607637.5
2891,607770.0
2892,608340.0
2893,608422.5
2894,608630.0
2895,608900.0
2896,609057.5
2897,609102.5
2898,609310.0
2899,609492.5
2900,609700.0
2901,610332.5
2902,610915.0
2903,611210.0
2904,611630.0
2905,611775.0
2906,612032.5
2907,612127.5
2908,612197.5
2909,612255.0
2910,612862.5
2911,612982.5
2912,613215.0
2913,613335.0
2914,613430.0
2915,613437.5
2916,613595.0
2917,613727.5
2918,613847.5
2919,613880.0
2920,614037.5
2921,614307.5
2922,614802.5
2923,615147.5
2924,615942.5
2925,616237.5
2926,616682.5
2927,616827.5
2928,616897.5
2929,617205.0
2930,617337.5
2931,617470.0
2932,617590.0
2933,617972.5
2934,618017.5
2935,618200.0
2936,618270.0
2937,618252.5
2938,618260.0
2939,618655.0
2940,618712.5
2941,618757.5
2942,618940.0
2943,619010.0
2944,620280.0
2945,620212.5
2946,620457.5
2947,620915.0
2948,621310.0
2949,622017.5
2950,621975.0
2951,621795.0
2952,621865.0
2953,622072.5
2954,622367.5
2955,622700.0
2956,622795.0
2957,623090.0
2958,623272.5
2959,623180.0
2960,623450.0
2961,623720.0
2962,624277.5
2963,624360.0
2964,624392.5
2965,624787.5
2966,625270.0
2967,625465.0
2968,625810.0
2969,625905.0
2970,626275.0
2971,626295.0
2972,626390.0
2973,626660.0
2974,626742.5
2975,626912.5
2976,627057.5
2977,627027.5
2978,627147.5
2979,627080.0
2980,627212.5
2981,627345.0
2982,627590.0
2983,627522.5
2984,627655.0
2985,627700.0
2986,627982.5
2987,628652.5
2988,629047.5
2989,629117.5
2990,629350.0
2991,629507.5
2992,629665.0
2993,629860.0
2994,629880.0
2995,630125.0
2996,630132.5
2997,630127.5
2998,630172.5
2999,630505.0
3000,631087.5
3001,631695.0
3002,631752.5
3003,631847.5
3004,632155.0
3005,632400.0
3006,632557.5
3007,632727.5
3008,632760.0
3009,632842.5
3010,633737.5
3011,634357.5
3012,634977.5
3013,635422.5
3014,635405.0
3015,635662.5
3016,635757.5
3017,636252.5
3018,636160.0
3019,636267.5
3020,636675.0
3021,636982.5
3022,637552.5
3023,638172.5
3024,638705.0
3025,639062.5
3026,639420.0
3027,639527.5
3028,639410.0
3029,639955.0
3030,640525.0
3031,640770.0
3032,641102.5
3033,640935.0
3034,641092.5
3035,641475.0
3036,642207.5
3037,642590.0
3038,643260.0
3039,643517.5
3040,643900.0
3041,644245.0
3042,644252.5
3043,644585.0
3044,644930.0
3045,645212.5
3046,645470.0
3047,645827.5
3048,645972.5
3049,645980.0
3050,646175.0
3051,646332.5
3052,646302.5
3053,646547.5
3054,646567.5
3055,646262.5
3056,652532.5
3057,653540.0
3058,654060.0
3059,654742.5
3060,655087.5
3061,655695.0
3062,656265.0
3063,656097.5
3064,656192.5
3065,656450.0
3066,656732.5
3067,656840.0
3068,656922.5
3069,657067.5
3070,657200.0
3071,657420.0
3072,657490.0
3073,657547.5
3074,657605.0
3075,657687.5
3076,657720.0
3077,657877.5
3078,658122.5
3079,658305.0
3080,658500.0
3081,658645.0
3082,658715.0
3083,658772.5
3084,658780.0
3085,658787.5
3086,659132.5
3087,659227.5
3088,659160.0
3089,659242.5
3090,659350.0
3091,659445.0
3092,659565.0
3093,659610.0
3094,659642.5
3095,659875.0
3096,660245.0
3097,660327.5
3098,660685.0
3099,660817.5
3100,661012.5
3101,661132.5
3102,661302.5
3103,661535.0
3104,661705.0
3105,661812.5
3106,662507.5
3107,662915.0
3108,663172.5
3109,663230.0
3110,663237.5
3111,663482.5
3112,663440.0
3113,663810.0
3114,664180.0
3115,664250.0
3116,664245.0
3117,664452.5
3118,664735.0
3119,665080.0
3120,665137.5
3121,665482.5
3122,665702.5
3123,666522.5
3124,666667.5
3125,667175.0
3126,667782.5
3127,668115.0
3128,668235.0
3129,668717.5
3130,668950.0
3131,669182.5
3132,669815.0
3133,670185.0
3134,670805.0
3135,671137.5
3136,671182.5
3137,671227.5
3138,671322.5
3139,671655.0
3140,671800.0
3141,671832.5
3142,671815.0
3143,672022.5
3144,672555.0
3145,672637.5
3146,672945.0
3147,672990.0
3148,673222.5
3149,673667.5
3150,673687.5
3151,673932.5
3152,674065.0
3153,674272.5
3154,674217.5
3155,674837.5
3156,674995.0
3157,675402.5
3158,675547.5
3159,675555.0
3160,676037.5
3161,676145.0
3162,676327.5
3163,676347.5
3164,676392.5
3165,676712.5
3166,676770.0
3167,676877.5
3168,677135.0
3169,677530.0
3170,678250.0
3171,678857.5
3172,679115.0
3173,679360.0
3174,680080.0
3175,680400.0
3176,680882.5
3177,681390.0
3178,681472.5
3179,682755.0
3180,683512.5
3181,684295.0
3182,684915.0
3183,685647.5
3184,686067.5
3185,686212.5
3186,686670.0
3187,687077.5
3188,687035.0
3189,687305.0
3190,688000.0
3191,688357.5
3192,688952.5
3193,689047.5
3194,689230.0
3195,689487.5
3196,689745.0
3197,689902.5
3198,690047.5
3199,690855.0
3200,691475.0
3201,691357.5
3202,691790.0
3203,692047.5
3204,692280.0
3205,692387.5
3206,692632.5
3207,692940.0
3208,693222.5
3209,693492.5
3210,693412.5
3211,693695.0
3212,693640.0
3213,693835.0
3214,693805.0
3215,694025.0
3216,694182.5
3217,694265.0
3218,694322.5
3219,694417.5
3220,694737.5
3221,694720.0
3222,694740.0
3223,695085.0
3224,695005.0
3225,695275.0
3226,695557.5
3227,695715.0
3228,695822.5
3229,695880.0
3230,696300.0
3231,696382.5
3232,696365.0
3233,696485.0
3234,696442.5
3235,696425.0
3236,696457.5
3237,696465.0
3238,696510.0
3239,696642.5
3240,696612.5
3241,696620.0
3242,696565.0
3243,696847.5
3244,697017.5
3245,697287.5
3246,697357.5
3247,697540.0
3248,697647.5
3249,697567.5
3250,697650.0
3251,697545.0
3252,697515.0
3253,697485.0
3254,697567.5
3255,697675.0
3256,697632.5
3257,697502.5
3258,697660.0
3259,697655.0
3260,697650.0
3261,697782.5
3262,697840.0
3263,697872.5
3264,698117.5
3265,698262.5
3266,698620.0
3267,698577.5
3268,698735.0
3269,698930.0
3270,699212.5
3271,699220.0
3272,699252.5
3273,699022.5
3274,698992.5
3275,699187.5
3276,699257.5
3277,699252.5
3278,699497.5
3279,699467.5
3280,699562.5
3281,699545.0
3282,699565.0
3283,699722.5
3284,699817.5
3285,699950.0
3286,699995.0
3287,700065.0
3288,700035.0
3289,700155.0
3290,700212.5
3291,700270.0
3292,700452.5
3293,700572.5
3294,700667.5
3295,700837.5
3296,700920.0
3297,701065.0
3298,701072.5
3299,701205.0
3300,701300.0
3301,701557.5
3302,701727.5
3303,701797.5
3304,701980.0
3305,702350.0
3306,702507.5
3307,702640.0
3308,702760.0
3309,702830.0
3310,702862.5
3311,702907.5
3312,703127.5
3313,703472.5
3314,703742.5
3315,704162.5
3316,704295.0
3317,704427.5
3318,704497.5
3319,704792.5
3320,704912.5
3321,705195.0
3322,705515.0
3323,705447.5
3324,705430.0
3325,705625.0
3326,705695.0
3327,705665.0
3328,705710.0
3329,705830.0
3330,706125.0
3331,706270.0
3332,706415.0
3333,706685.0
3334,706730.0
3335,706900.0
3336,707170.0
3337,707340.0
3338,707435.0
3339,707480.0
3340,707525.0
3341,707670.0
3342,707702.5
3343,707860.0
3344,707867.5
3345,708000.0
3346,708945.0
3347,709015.0
3348,708947.5
3349,709242.5
3350,709400.0
3351,709570.0
3352,709802.5
3353,710197.5
3354,710492.5
3355,710787.5
3356,710920.0
3357,711202.5
3358,711485.0
3359,711605.0
3360,712050.0
3361,712257.5
3362,712652.5
3363,712660.0
3364,712855.0
3365,712700.0
3366,712895.0
3367,712902.5
3368,712997.5
3369,713517.5
3370,713600.0
3371,713545.0
3372,713615.0
3373,713610.0
3374,713667.5
3375,713787.5
3376,713907.5
3377,714140.0
3378,714597.5
3379,714767.5
3380,714937.5
3381,715245.0
3382,715552.5
3383,715835.0
3384,715980.0
3385,716025.0
3386,716257.5
3387,716627.5
3388,716810.0
3389,717017.5
3390,717100.0
3391,717357.5
3392,717615.0
3393,717610.0
3394,717792.5
3395,718137.5
